ID,Firstname,Middlename,Lastname,date_of_birth,Income
1,Sam,Talmage,Goodland,1997-02-09,50000
2,Kirsty,Charlotte-Anne,Broomfield,1997-05-17,35000
3,Tom,Arthur,Whitehead,1997-02-13,65000
4,Katie,,Poole,1997-06-06,17500
5,Sam,Talmage,Goodland,1997-02-09,50000
6,Kirsty,Charlotte-Anne,Broomfield,1997-05-17,35000
7,Tom,Arthur,Whitehead,1997-02-13,65000
8,Katie,,Poole,1997-06-06,17500
9,Sam,Talmage,Goodland,1997-02-09,50000
10,Kirsty,Charlotte-Anne,Broomfield,1997-05-17,35000
11,Sam,Talmage,Goodland,1997-02-09,50000
12,Kirsty,Charlotte-Anne,Broomfield,1997-05-17,35000
13,Tom,Arthur,Whitehead,1997-02-13,65000
14,Katie,,Poole,1997-06-06,17500
15,Sam,Talmage,Goodland,1997-02-09,50000
16,Kirsty,Charlotte-Anne,Broomfield,1997-05-17,35000
17,Tom,Arthur,Whitehead,1997-02-13,65000
18,Katie,,Poole,1997-06-06,17500
19,Sam,Talmage,Goodland,1997-02-09,50000
20,Kirsty,Charlotte-Anne,Broomfield,1997-05-17,35000
21,Sam,Talmage,Goodland,1997-02-09,50000
22,Kirsty,Charlotte-Anne,Broomfield,1997-05-17,35000
23,Tom,Arthur,Whitehead,1997-02-13,65000
24,Katie,,Poole,1997-06-06,17500
25,Sam,Talmage,Goodland,1997-02-09,50000
26,Kirsty,Charlotte-Anne,Broomfield,1997-05-17,35000
27,Tom,Arthur,Whitehead,1997-02-13,65000
28,Katie,,Poole,1997-06-06,17500
29,Sam,Talmage,Goodland,1997-02-09,50000
30,Kirsty,Charlotte-Anne,Broomfield,1997-05-17,35000
31,Sam,Talmage,Goodland,1997-02-09,50000
32,Kirsty,Charlotte-Anne,Broomfield,1997-05-17,35000
33,Tom,Arthur,Whitehead,1997-02-13,65000
34,Katie,,Poole,1997-06-06,17500
35,Sam,Talmage,Goodland,1997-02-09,50000
36,Kirsty,Charlotte-Anne,Broomfield,1997-05-17,35000
37,Tom,Arthur,Whitehead,1997-02-13,65000
38,Katie,,Poole,1997-06-06,17500
39,Sam,Talmage,Goodland,1997-02-09,50000
40,Kirsty,Charlotte-Anne,Broomfield,1997-05-17,35000
41,Sam,Talmage,Goodland,1997-02-09,50000
42,Kirsty,Charlotte-Anne,Broomfield,1997-05-17,35000
43,Tom,Arthur,Whitehead,1997-02-13,65000
44,Katie,,Poole,1997-06-06,17500
45,Sam,Talmage,Goodland,1997-02-09,50000
46,Kirsty,Charlotte-Anne,Broomfield,1997-05-17,35000
47,Tom,Arthur,Whitehead,1997-02-13,65000
48,Katie,,Poole,1997-06-06,17500
49,Sam,Talmage,Goodland,1997-02-09,50000
50,Kirsty,Charlotte-Anne,Broomfield,1997-05-17,35000
51,Sam,Talmage,Goodland,1997-02-09,50000
52,Kirsty,Charlotte-Anne,Broomfield,1997-05-17,35000
53,Tom,Arthur,Whitehead,1997-02-13,65000
54,Katie,,Poole,1997-06-06,17500
55,Sam,Talmage,Goodland,1997-02-09,50000
56,Kirsty,Charlotte-Anne,Broomfield,1997-05-17,35000
57,Tom,Arthur,Whitehead,1997-02-13,65000
58,Katie,,Poole,1997-06-06,17500
59,Sam,Talmage,Goodland,1997-02-09,50000
60,Kirsty,Charlotte-Anne,Broomfield,1997-05-17,35000
61,Sam,Talmage,Goodland,1997-02-09,50000
62,Kirsty,Charlotte-Anne,Broomfield,1997-05-17,35000
63,Tom,Arthur,Whitehead,1997-02-13,65000
64,Katie,,Poole,1997-06-06,17500
65,Sam,Talmage,Goodland,1997-02-09,50000
66,Kirsty,Charlotte-Anne,Broomfield,1997-05-17,35000
67,Tom,Arthur,Whitehead,1997-02-13,65000
68,Katie,,Poole,1997-06-06,17500
69,Sam,Talmage,Goodland,1997-02-09,50000
70,Kirsty,Charlotte-Anne,Broomfield,1997-05-17,35000
71,Sam,Talmage,Goodland,1997-02-09,50000
72,Kirsty,Charlotte-Anne,Broomfield,1997-05-17,35000
73,Tom,Arthur,Whitehead,1997-02-13,65000
74,Katie,,Poole,1997-06-06,17500
75,Sam,Talmage,Goodland,1997-02-09,50000
76,Kirsty,Charlotte-Anne,Broomfield,1997-05-17,35000
77,Tom,Arthur,Whitehead,1997-02-13,65000
78,Katie,,Poole,1997-06-06,17500
79,Sam,Talmage,Goodland,1997-02-09,50000
80,Kirsty,Charlotte-Anne,Broomfield,1997-05-17,35000
81,Sam,Talmage,Goodland,1997-02-09,50000
82,Kirsty,Charlotte-Anne,Broomfield,1997-05-17,35000
83,Tom,Arthur,Whitehead,1997-02-13,65000
84,Katie,,Poole,1997-06-06,17500
85,Sam,Talmage,Goodland,1997-02-09,50000
86,Kirsty,Charlotte-Anne,Broomfield,1997-05-17,35000
87,Tom,Arthur,Whitehead,1997-02-13,65000
88,Katie,,Poole,1997-06-06,17500
89,Sam,Talmage,Goodland,1997-02-09,50000
90,Kirsty,Charlotte-Anne,Broomfield,1997-05-17,35000
91,Sam,Talmage,Goodland,1997-02-09,50000
92,Kirsty,Charlotte-Anne,Broomfield,1997-05-17,35000
93,Tom,Arthur,Whitehead,1997-02-13,65000
94,Katie,,Poole,1997-06-06,17500
95,Sam,Talmage,Goodland,1997-02-09,50000
96,Kirsty,Charlotte-Anne,Broomfield,1997-05-17,35000
97,Tom,Arthur,Whitehead,1997-02-13,65000
98,Katie,,Poole,1997-06-06,17500
99,Sam,Talmage,Goodland,1997-02-09,50000
100,Kirsty,Charlotte-Anne,Broomfield,1997-05-17,35000
101,Sam,Talmage,Goodland,1997-02-09,50000
102,Kirsty,Charlotte-Anne,Broomfield,1997-05-17,35000
103,Tom,Arthur,Whitehead,1997-02-13,65000
104,Katie,,Poole,1997-06-06,17500
105,Sam,Talmage,Goodland,1997-02-09,50000
106,Kirsty,Charlotte-Anne,Broomfield,1997-05-17,35000
107,Tom,Arthur,Whitehead,1997-02-13,65000
108,Katie,,Poole,1997-06-06,17500
109,Sam,Talmage,Goodland,1997-02-09,50000
110,Kirsty,Charlotte-Anne,Broomfield,1997-05-17,35000
111,Sam,Talmage,Goodland,1997-02-09,50000
112,Kirsty,Charlotte-Anne,Broomfield,1997-05-17,35000
113,Tom,Arthur,Whitehead,1997-02-13,65000
114,Katie,,Poole,1997-06-06,17500
115,Sam,Talmage,Goodland,1997-02-09,50000
116,Kirsty,Charlotte-Anne,Broomfield,1997-05-17,35000
117,Tom,Arthur,Whitehead,1997-02-13,65000
118,Katie,,Poole,1997-06-06,17500
119,Sam,Talmage,Goodland,1997-02-09,50000
120,Kirsty,Charlotte-Anne,Broomfield,1997-05-17,35000
121,Sam,Talmage,Goodland,1997-02-09,50000
122,Kirsty,Charlotte-Anne,Broomfield,1997-05-17,35000
123,Tom,Arthur,Whitehead,1997-02-13,65000
124,Katie,,Poole,1997-06-06,17500
125,Sam,Talmage,Goodland,1997-02-09,50000
126,Kirsty,Charlotte-Anne,Broomfield,1997-05-17,35000
127,Tom,Arthur,Whitehead,1997-02-13,65000
128,Katie,,Poole,1997-06-06,17500
129,Sam,Talmage,Goodland,1997-02-09,50000
130,Kirsty,Charlotte-Anne,Broomfield,1997-05-17,35000
131,Sam,Talmage,Goodland,1997-02-09,50000
132,Kirsty,Charlotte-Anne,Broomfield,1997-05-17,35000
133,Tom,Arthur,Whitehead,1997-02-13,65000
134,Katie,,Poole,1997-06-06,17500
135,Sam,Talmage,Goodland,1997-02-09,50000
136,Kirsty,Charlotte-Anne,Broomfield,1997-05-17,35000
137,Tom,Arthur,Whitehead,1997-02-13,65000
138,Katie,,Poole,1997-06-06,17500
139,Sam,Talmage,Goodland,1997-02-09,50000
140,Kirsty,Charlotte-Anne,Broomfield,1997-05-17,35000
141,Sam,Talmage,Goodland,1997-02-09,50000
142,Kirsty,Charlotte-Anne,Broomfield,1997-05-17,35000
143,Tom,Arthur,Whitehead,1997-02-13,65000
144,Katie,,Poole,1997-06-06,17500
145,Sam,Talmage,Goodland,1997-02-09,50000
146,Kirsty,Charlotte-Anne,Broomfield,1997-05-17,35000
147,Tom,Arthur,Whitehead,1997-02-13,65000
148,Katie,,Poole,1997-06-06,17500
149,Sam,Talmage,Goodland,1997-02-09,50000
150,Kirsty,Charlotte-Anne,Broomfield,1997-05-17,35000
151,Sam,Talmage,Goodland,1997-02-09,50000
152,Kirsty,Charlotte-Anne,Broomfield,1997-05-17,35000
153,Tom,Arthur,Whitehead,1997-02-13,65000
154,Katie,,Poole,1997-06-06,17500
155,Sam,Talmage,Goodland,1997-02-09,50000
156,Kirsty,Charlotte-Anne,Broomfield,1997-05-17,35000
157,Tom,Arthur,Whitehead,1997-02-13,65000
158,Katie,,Poole,1997-06-06,17500
159,Sam,Talmage,Goodland,1997-02-09,50000
160,Kirsty,Charlotte-Anne,Broomfield,1997-05-17,35000
161,Sam,Talmage,Goodland,1997-02-09,50000
162,Kirsty,Charlotte-Anne,Broomfield,1997-05-17,35000
163,Tom,Arthur,Whitehead,1997-02-13,65000
164,Katie,,Poole,1997-06-06,17500
165,Sam,Talmage,Goodland,1997-02-09,50000
166,Kirsty,Charlotte-Anne,Broomfield,1997-05-17,35000
167,Tom,Arthur,Whitehead,1997-02-13,65000
168,Katie,,Poole,1997-06-06,17500
169,Sam,Talmage,Goodland,1997-02-09,50000
170,Kirsty,Charlotte-Anne,Broomfield,1997-05-17,35000
171,Sam,Talmage,Goodland,1997-02-09,50000
172,Kirsty,Charlotte-Anne,Broomfield,1997-05-17,35000
173,Tom,Arthur,Whitehead,1997-02-13,65000
174,Katie,,Poole,1997-06-06,17500
175,Sam,Talmage,Goodland,1997-02-09,50000
176,Kirsty,Charlotte-Anne,Broomfield,1997-05-17,35000
177,Tom,Arthur,Whitehead,1997-02-13,65000
178,Katie,,Poole,1997-06-06,17500
179,Sam,Talmage,Goodland,1997-02-09,50000
180,Kirsty,Charlotte-Anne,Broomfield,1997-05-17,35000
181,Sam,Talmage,Goodland,1997-02-09,50000
182,Kirsty,Charlotte-Anne,Broomfield,1997-05-17,35000
183,Tom,Arthur,Whitehead,1997-02-13,65000
184,Katie,,Poole,1997-06-06,17500
185,Sam,Talmage,Goodland,1997-02-09,50000
186,Kirsty,Charlotte-Anne,Broomfield,1997-05-17,35000
187,Tom,Arthur,Whitehead,1997-02-13,65000
188,Katie,,Poole,1997-06-06,17500
189,Sam,Talmage,Goodland,1997-02-09,50000
190,Kirsty,Charlotte-Anne,Broomfield,1997-05-17,35000
191,Sam,Talmage,Goodland,1997-02-09,50000
192,Kirsty,Charlotte-Anne,Broomfield,1997-05-17,35000
193,Tom,Arthur,Whitehead,1997-02-13,65000
194,Katie,,Poole,1997-06-06,17500
195,Sam,Talmage,Goodland,1997-02-09,50000
196,Kirsty,Charlotte-Anne,Broomfield,1997-05-17,35000
197,Tom,Arthur,Whitehead,1997-02-13,65000
198,Katie,,Poole,1997-06-06,17500
199,Sam,Talmage,Goodland,1997-02-09,50000
200,Kirsty,Charlotte-Anne,Broomfield,1997-05-17,35000
201,Sam,Talmage,Goodland,1997-02-09,50000
202,Kirsty,Charlotte-Anne,Broomfield,1997-05-17,35000
203,Tom,Arthur,Whitehead,1997-02-13,65000
204,Katie,,Poole,1997-06-06,17500
205,Sam,Talmage,Goodland,1997-02-09,50000
206,Kirsty,Charlotte-Anne,Broomfield,1997-05-17,35000
207,Tom,Arthur,Whitehead,1997-02-13,65000
208,Katie,,Poole,1997-06-06,17500
209,Sam,Talmage,Goodland,1997-02-09,50000
210,Kirsty,Charlotte-Anne,Broomfield,1997-05-17,35000
211,Sam,Talmage,Goodland,1997-02-09,50000
212,Kirsty,Charlotte-Anne,Broomfield,1997-05-17,35000
213,Tom,Arthur,Whitehead,1997-02-13,65000
214,Katie,,Poole,1997-06-06,17500
215,Sam,Talmage,Goodland,1997-02-09,50000
216,Kirsty,Charlotte-Anne,Broomfield,1997-05-17,35000
217,Tom,Arthur,Whitehead,1997-02-13,65000
218,Katie,,Poole,1997-06-06,17500
219,Sam,Talmage,Goodland,1997-02-09,50000
220,Kirsty,Charlotte-Anne,Broomfield,1997-05-17,35000
221,Sam,Talmage,Goodland,1997-02-09,50000
222,Kirsty,Charlotte-Anne,Broomfield,1997-05-17,35000
223,Tom,Arthur,Whitehead,1997-02-13,65000
224,Katie,,Poole,1997-06-06,17500
225,Sam,Talmage,Goodland,1997-02-09,50000
226,Kirsty,Charlotte-Anne,Broomfield,1997-05-17,35000
227,Tom,Arthur,Whitehead,1997-02-13,65000
228,Katie,,Poole,1997-06-06,17500
229,Sam,Talmage,Goodland,1997-02-09,50000
230,Kirsty,Charlotte-Anne,Broomfield,1997-05-17,35000
231,Sam,Talmage,Goodland,1997-02-09,50000
232,Kirsty,Charlotte-Anne,Broomfield,1997-05-17,35000
233,Tom,Arthur,Whitehead,1997-02-13,65000
234,Katie,,Poole,1997-06-06,17500
235,Sam,Talmage,Goodland,1997-02-09,50000
236,Kirsty,Charlotte-Anne,Broomfield,1997-05-17,35000
237,Tom,Arthur,Whitehead,1997-02-13,65000
238,Katie,,Poole,1997-06-06,17500
239,Sam,Talmage,Goodland,1997-02-09,50000
240,Kirsty,Charlotte-Anne,Broomfield,1997-05-17,35000
241,Sam,Talmage,Goodland,1997-02-09,50000
242,Kirsty,Charlotte-Anne,Broomfield,1997-05-17,35000
243,Tom,Arthur,Whitehead,1997-02-13,65000
244,Katie,,Poole,1997-06-06,17500
245,Sam,Talmage,Goodland,1997-02-09,50000
246,Kirsty,Charlotte-Anne,Broomfield,1997-05-17,35000
247,Tom,Arthur,Whitehead,1997-02-13,65000
248,Katie,,Poole,1997-06-06,17500
249,Sam,Talmage,Goodland,1997-02-09,50000
250,Kirsty,Charlotte-Anne,Broomfield,1997-05-17,35000
251,Sam,Talmage,Goodland,1997-02-09,50000
252,Kirsty,Charlotte-Anne,Broomfield,1997-05-17,35000
253,Tom,Arthur,Whitehead,1997-02-13,65000
254,Katie,,Poole,1997-06-06,17500
255,Sam,Talmage,Goodland,1997-02-09,50000
256,Kirsty,Charlotte-Anne,Broomfield,1997-05-17,35000
257,Sam,Talmage,Goodland,1997-02-09,50000
258,Kirsty,Charlotte-Anne,Broomfield,1997-05-17,35000
259,Tom,Arthur,Whitehead,1997-02-13,65000
260,Katie,,Poole,1997-06-06,17500
261,Sam,Talmage,Goodland,1997-02-09,50000
262,Kirsty,Charlotte-Anne,Broomfield,1997-05-17,35000
263,Tom,Arthur,Whitehead,1997-02-13,65000
264,Katie,,Poole,1997-06-06,17500
265,Sam,Talmage,Goodland,1997-02-09,50000
266,Kirsty,Charlotte-Anne,Broomfield,1997-05-17,35000
267,Sam,Talmage,Goodland,1997-02-09,50000
268,Kirsty,Charlotte-Anne,Broomfield,1997-05-17,35000
269,Tom,Arthur,Whitehead,1997-02-13,65000
270,Katie,,Poole,1997-06-06,17500
271,Sam,Talmage,Goodland,1997-02-09,50000
272,Kirsty,Charlotte-Anne,Broomfield,1997-05-17,35000
273,Tom,Arthur,Whitehead,1997-02-13,65000
274,Katie,,Poole,1997-06-06,17500
275,Sam,Talmage,Goodland,1997-02-09,50000
276,Kirsty,Charlotte-Anne,Broomfield,1997-05-17,35000
277,Sam,Talmage,Goodland,1997-02-09,50000
278,Kirsty,Charlotte-Anne,Broomfield,1997-05-17,35000
279,Tom,Arthur,Whitehead,1997-02-13,65000
280,Katie,,Poole,1997-06-06,17500
281,Sam,Talmage,Goodland,1997-02-09,50000
282,Kirsty,Charlotte-Anne,Broomfield,1997-05-17,35000
283,Tom,Arthur,Whitehead,1997-02-13,65000
284,Katie,,Poole,1997-06-06,17500
285,Sam,Talmage,Goodland,1997-02-09,50000
286,Kirsty,Charlotte-Anne,Broomfield,1997-05-17,35000
287,Sam,Talmage,Goodland,1997-02-09,50000
288,Kirsty,Charlotte-Anne,Broomfield,1997-05-17,35000
289,Tom,Arthur,Whitehead,1997-02-13,65000
290,Katie,,Poole,1997-06-06,17500
291,Sam,Talmage,Goodland,1997-02-09,50000
292,Kirsty,Charlotte-Anne,Broomfield,1997-05-17,35000
293,Tom,Arthur,Whitehead,1997-02-13,65000
294,Katie,,Poole,1997-06-06,17500
295,Sam,Talmage,Goodland,1997-02-09,50000
296,Kirsty,Charlotte-Anne,Broomfield,1997-05-17,35000
297,Sam,Talmage,Goodland,1997-02-09,50000
298,Kirsty,Charlotte-Anne,Broomfield,1997-05-17,35000
299,Tom,Arthur,Whitehead,1997-02-13,65000
300,Katie,,Poole,1997-06-06,17500
301,Sam,Talmage,Goodland,1997-02-09,50000
302,Kirsty,Charlotte-Anne,Broomfield,1997-05-17,35000
303,Tom,Arthur,Whitehead,1997-02-13,65000
304,Katie,,Poole,1997-06-06,17500
305,Sam,Talmage,Goodland,1997-02-09,50000
306,Kirsty,Charlotte-Anne,Broomfield,1997-05-17,35000
307,Sam,Talmage,Goodland,1997-02-09,50000
308,Kirsty,Charlotte-Anne,Broomfield,1997-05-17,35000
309,Tom,Arthur,Whitehead,1997-02-13,65000
310,Katie,,Poole,1997-06-06,17500
311,Sam,Talmage,Goodland,1997-02-09,50000
312,Kirsty,Charlotte-Anne,Broomfield,1997-05-17,35000
313,Tom,Arthur,Whitehead,1997-02-13,65000
314,Katie,,Poole,1997-06-06,17500
315,Sam,Talmage,Goodland,1997-02-09,50000
316,Kirsty,Charlotte-Anne,Broomfield,1997-05-17,35000
317,Sam,Talmage,Goodland,1997-02-09,50000
318,Kirsty,Charlotte-Anne,Broomfield,1997-05-17,35000
319,Tom,Arthur,Whitehead,1997-02-13,65000
320,Katie,,Poole,1997-06-06,17500
321,Sam,Talmage,Goodland,1997-02-09,50000
322,Kirsty,Charlotte-Anne,Broomfield,1997-05-17,35000
323,Tom,Arthur,Whitehead,1997-02-13,65000
324,Katie,,Poole,1997-06-06,17500
325,Sam,Talmage,Goodland,1997-02-09,50000
326,Kirsty,Charlotte-Anne,Broomfield,1997-05-17,35000
327,Sam,Talmage,Goodland,1997-02-09,50000
328,Kirsty,Charlotte-Anne,Broomfield,1997-05-17,35000
329,Tom,Arthur,Whitehead,1997-02-13,65000
330,Katie,,Poole,1997-06-06,17500
331,Sam,Talmage,Goodland,1997-02-09,50000
332,Kirsty,Charlotte-Anne,Broomfield,1997-05-17,35000
333,Tom,Arthur,Whitehead,1997-02-13,65000
334,Katie,,Poole,1997-06-06,17500
335,Sam,Talmage,Goodland,1997-02-09,50000
336,Kirsty,Charlotte-Anne,Broomfield,1997-05-17,35000
337,Sam,Talmage,Goodland,1997-02-09,50000
338,Kirsty,Charlotte-Anne,Broomfield,1997-05-17,35000
339,Tom,Arthur,Whitehead,1997-02-13,65000
340,Katie,,Poole,1997-06-06,17500
341,Sam,Talmage,Goodland,1997-02-09,50000
342,Kirsty,Charlotte-Anne,Broomfield,1997-05-17,35000
343,Tom,Arthur,Whitehead,1997-02-13,65000
344,Katie,,Poole,1997-06-06,17500
345,Sam,Talmage,Goodland,1997-02-09,50000
346,Kirsty,Charlotte-Anne,Broomfield,1997-05-17,35000
347,Sam,Talmage,Goodland,1997-02-09,50000
348,Kirsty,Charlotte-Anne,Broomfield,1997-05-17,35000
349,Tom,Arthur,Whitehead,1997-02-13,65000
350,Katie,,Poole,1997-06-06,17500
351,Sam,Talmage,Goodland,1997-02-09,50000
352,Kirsty,Charlotte-Anne,Broomfield,1997-05-17,35000
353,Tom,Arthur,Whitehead,1997-02-13,65000
354,Katie,,Poole,1997-06-06,17500
355,Sam,Talmage,Goodland,1997-02-09,50000
356,Kirsty,Charlotte-Anne,Broomfield,1997-05-17,35000
357,Sam,Talmage,Goodland,1997-02-09,50000
358,Kirsty,Charlotte-Anne,Broomfield,1997-05-17,35000
359,Tom,Arthur,Whitehead,1997-02-13,65000
360,Katie,,Poole,1997-06-06,17500
361,Sam,Talmage,Goodland,1997-02-09,50000
362,Kirsty,Charlotte-Anne,Broomfield,1997-05-17,35000
363,Tom,Arthur,Whitehead,1997-02-13,65000
364,Katie,,Poole,1997-06-06,17500
365,Sam,Talmage,Goodland,1997-02-09,50000
366,Kirsty,Charlotte-Anne,Broomfield,1997-05-17,35000
367,Sam,Talmage,Goodland,1997-02-09,50000
368,Kirsty,Charlotte-Anne,Broomfield,1997-05-17,35000
369,Tom,Arthur,Whitehead,1997-02-13,65000
370,Katie,,Poole,1997-06-06,17500
371,Sam,Talmage,Goodland,1997-02-09,50000
372,Kirsty,Charlotte-Anne,Broomfield,1997-05-17,35000
373,Tom,Arthur,Whitehead,1997-02-13,65000
374,Katie,,Poole,1997-06-06,17500
375,Sam,Talmage,Goodland,1997-02-09,50000
376,Kirsty,Charlotte-Anne,Broomfield,1997-05-17,35000
377,Sam,Talmage,Goodland,1997-02-09,50000
378,Kirsty,Charlotte-Anne,Broomfield,1997-05-17,35000
379,Tom,Arthur,Whitehead,1997-02-13,65000
380,Katie,,Poole,1997-06-06,17500
381,Sam,Talmage,Goodland,1997-02-09,50000
382,Kirsty,Charlotte-Anne,Broomfield,1997-05-17,35000
383,Tom,Arthur,Whitehead,1997-02-13,65000
384,Katie,,Poole,1997-06-06,17500
385,Sam,Talmage,Goodland,1997-02-09,50000
386,Kirsty,Charlotte-Anne,Broomfield,1997-05-17,35000
387,Sam,Talmage,Goodland,1997-02-09,50000
388,Kirsty,Charlotte-Anne,Broomfield,1997-05-17,35000
389,Tom,Arthur,Whitehead,1997-02-13,65000
390,Katie,,Poole,1997-06-06,17500
391,Sam,Talmage,Goodland,1997-02-09,50000
392,Kirsty,Charlotte-Anne,Broomfield,1997-05-17,35000
393,Tom,Arthur,Whitehead,1997-02-13,65000
394,Katie,,Poole,1997-06-06,17500
395,Sam,Talmage,Goodland,1997-02-09,50000
396,Kirsty,Charlotte-Anne,Broomfield,1997-05-17,35000
397,Sam,Talmage,Goodland,1997-02-09,50000
398,Kirsty,Charlotte-Anne,Broomfield,1997-05-17,35000
399,Tom,Arthur,Whitehead,1997-02-13,65000
400,Katie,,Poole,1997-06-06,17500
401,Sam,Talmage,Goodland,1997-02-09,50000
402,Kirsty,Charlotte-Anne,Broomfield,1997-05-17,35000
403,Tom,Arthur,Whitehead,1997-02-13,65000
404,Katie,,Poole,1997-06-06,17500
405,Sam,Talmage,Goodland,1997-02-09,50000
406,Kirsty,Charlotte-Anne,Broomfield,1997-05-17,35000
407,Sam,Talmage,Goodland,1997-02-09,50000
408,Kirsty,Charlotte-Anne,Broomfield,1997-05-17,35000
409,Tom,Arthur,Whitehead,1997-02-13,65000
410,Katie,,Poole,1997-06-06,17500
411,Sam,Talmage,Goodland,1997-02-09,50000
412,Kirsty,Charlotte-Anne,Broomfield,1997-05-17,35000
413,Tom,Arthur,Whitehead,1997-02-13,65000
414,Katie,,Poole,1997-06-06,17500
415,Sam,Talmage,Goodland,1997-02-09,50000
416,Kirsty,Charlotte-Anne,Broomfield,1997-05-17,35000
417,Sam,Talmage,Goodland,1997-02-09,50000
418,Kirsty,Charlotte-Anne,Broomfield,1997-05-17,35000
419,Tom,Arthur,Whitehead,1997-02-13,65000
420,Katie,,Poole,1997-06-06,17500
421,Sam,Talmage,Goodland,1997-02-09,50000
422,Kirsty,Charlotte-Anne,Broomfield,1997-05-17,35000
423,Tom,Arthur,Whitehead,1997-02-13,65000
424,Katie,,Poole,1997-06-06,17500
425,Sam,Talmage,Goodland,1997-02-09,50000
426,Kirsty,Charlotte-Anne,Broomfield,1997-05-17,35000
427,Sam,Talmage,Goodland,1997-02-09,50000
428,Kirsty,Charlotte-Anne,Broomfield,1997-05-17,35000
429,Tom,Arthur,Whitehead,1997-02-13,65000
430,Katie,,Poole,1997-06-06,17500
431,Sam,Talmage,Goodland,1997-02-09,50000
432,Kirsty,Charlotte-Anne,Broomfield,1997-05-17,35000
433,Tom,Arthur,Whitehead,1997-02-13,65000
434,Katie,,Poole,1997-06-06,17500
435,Sam,Talmage,Goodland,1997-02-09,50000
436,Kirsty,Charlotte-Anne,Broomfield,1997-05-17,35000
437,Sam,Talmage,Goodland,1997-02-09,50000
438,Kirsty,Charlotte-Anne,Broomfield,1997-05-17,35000
439,Tom,Arthur,Whitehead,1997-02-13,65000
440,Katie,,Poole,1997-06-06,17500
441,Sam,Talmage,Goodland,1997-02-09,50000
442,Kirsty,Charlotte-Anne,Broomfield,1997-05-17,35000
443,Tom,Arthur,Whitehead,1997-02-13,65000
444,Katie,,Poole,1997-06-06,17500
445,Sam,Talmage,Goodland,1997-02-09,50000
446,Kirsty,Charlotte-Anne,Broomfield,1997-05-17,35000
447,Sam,Talmage,Goodland,1997-02-09,50000
448,Kirsty,Charlotte-Anne,Broomfield,1997-05-17,35000
449,Tom,Arthur,Whitehead,1997-02-13,65000
450,Katie,,Poole,1997-06-06,17500
451,Sam,Talmage,Goodland,1997-02-09,50000
452,Kirsty,Charlotte-Anne,Broomfield,1997-05-17,35000
453,Tom,Arthur,Whitehead,1997-02-13,65000
454,Katie,,Poole,1997-06-06,17500
455,Sam,Talmage,Goodland,1997-02-09,50000
456,Kirsty,Charlotte-Anne,Broomfield,1997-05-17,35000
457,Sam,Talmage,Goodland,1997-02-09,50000
458,Kirsty,Charlotte-Anne,Broomfield,1997-05-17,35000
459,Tom,Arthur,Whitehead,1997-02-13,65000
460,Katie,,Poole,1997-06-06,17500
461,Sam,Talmage,Goodland,1997-02-09,50000
462,Kirsty,Charlotte-Anne,Broomfield,1997-05-17,35000
463,Tom,Arthur,Whitehead,1997-02-13,65000
464,Katie,,Poole,1997-06-06,17500
465,Sam,Talmage,Goodland,1997-02-09,50000
466,Kirsty,Charlotte-Anne,Broomfield,1997-05-17,35000
467,Sam,Talmage,Goodland,1997-02-09,50000
468,Kirsty,Charlotte-Anne,Broomfield,1997-05-17,35000
469,Tom,Arthur,Whitehead,1997-02-13,65000
470,Katie,,Poole,1997-06-06,17500
471,Sam,Talmage,Goodland,1997-02-09,50000
472,Kirsty,Charlotte-Anne,Broomfield,1997-05-17,35000
473,Tom,Arthur,Whitehead,1997-02-13,65000
474,Katie,,Poole,1997-06-06,17500
475,Sam,Talmage,Goodland,1997-02-09,50000
476,Kirsty,Charlotte-Anne,Broomfield,1997-05-17,35000
477,Sam,Talmage,Goodland,1997-02-09,50000
478,Kirsty,Charlotte-Anne,Broomfield,1997-05-17,35000
479,Tom,Arthur,Whitehead,1997-02-13,65000
480,Katie,,Poole,1997-06-06,17500
481,Sam,Talmage,Goodland,1997-02-09,50000
482,Kirsty,Charlotte-Anne,Broomfield,1997-05-17,35000
483,Tom,Arthur,Whitehead,1997-02-13,65000
484,Katie,,Poole,1997-06-06,17500
485,Sam,Talmage,Goodland,1997-02-09,50000
486,Kirsty,Charlotte-Anne,Broomfield,1997-05-17,35000
487,Sam,Talmage,Goodland,1997-02-09,50000
488,Kirsty,Charlotte-Anne,Broomfield,1997-05-17,35000
489,Tom,Arthur,Whitehead,1997-02-13,65000
490,Katie,,Poole,1997-06-06,17500
491,Sam,Talmage,Goodland,1997-02-09,50000
492,Kirsty,Charlotte-Anne,Broomfield,1997-05-17,35000
493,Tom,Arthur,Whitehead,1997-02-13,65000
494,Katie,,Poole,1997-06-06,17500
495,Sam,Talmage,Goodland,1997-02-09,50000
496,Kirsty,Charlotte-Anne,Broomfield,1997-05-17,35000
497,Sam,Talmage,Goodland,1997-02-09,50000
498,Kirsty,Charlotte-Anne,Broomfield,1997-05-17,35000
499,Tom,Arthur,Whitehead,1997-02-13,65000
500,Katie,,Poole,1997-06-06,17500
501,Sam,Talmage,Goodland,1997-02-09,50000
502,Kirsty,Charlotte-Anne,Broomfield,1997-05-17,35000
503,Tom,Arthur,Whitehead,1997-02-13,65000
504,Katie,,Poole,1997-06-06,17500
505,Sam,Talmage,Goodland,1997-02-09,50000
506,Kirsty,Charlotte-Anne,Broomfield,1997-05-17,35000
507,Sam,Talmage,Goodland,1997-02-09,50000
508,Kirsty,Charlotte-Anne,Broomfield,1997-05-17,35000
509,Tom,Arthur,Whitehead,1997-02-13,65000
510,Katie,,Poole,1997-06-06,17500
511,Sam,Talmage,Goodland,1997-02-09,50000
512,Kirsty,Charlotte-Anne,Broomfield,1997-05-17,35000
513,Firstname,Middlename,Lastname,date_of_birth,Income
514,Sam,Talmage,Goodland,1997-02-09,50000
515,Kirsty,Charlotte-Anne,Broomfield,1997-05-17,35000
516,Tom,Arthur,Whitehead,1997-02-13,65000
517,Katie,,Poole,1997-06-06,17500
518,Sam,Talmage,Goodland,1997-02-09,50000
519,Kirsty,Charlotte-Anne,Broomfield,1997-05-17,35000
520,Tom,Arthur,Whitehead,1997-02-13,65000
521,Katie,,Poole,1997-06-06,17500
522,Sam,Talmage,Goodland,1997-02-09,50000
523,Kirsty,Charlotte-Anne,Broomfield,1997-05-17,35000
524,Sam,Talmage,Goodland,1997-02-09,50000
525,Kirsty,Charlotte-Anne,Broomfield,1997-05-17,35000
526,Tom,Arthur,Whitehead,1997-02-13,65000
527,Katie,,Poole,1997-06-06,17500
528,Sam,Talmage,Goodland,1997-02-09,50000
529,Kirsty,Charlotte-Anne,Broomfield,1997-05-17,35000
530,Tom,Arthur,Whitehead,1997-02-13,65000
531,Katie,,Poole,1997-06-06,17500
532,Sam,Talmage,Goodland,1997-02-09,50000
533,Kirsty,Charlotte-Anne,Broomfield,1997-05-17,35000
534,Sam,Talmage,Goodland,1997-02-09,50000
535,Kirsty,Charlotte-Anne,Broomfield,1997-05-17,35000
536,Tom,Arthur,Whitehead,1997-02-13,65000
537,Katie,,Poole,1997-06-06,17500
538,Sam,Talmage,Goodland,1997-02-09,50000
539,Kirsty,Charlotte-Anne,Broomfield,1997-05-17,35000
540,Tom,Arthur,Whitehead,1997-02-13,65000
541,Katie,,Poole,1997-06-06,17500
542,Sam,Talmage,Goodland,1997-02-09,50000
543,Kirsty,Charlotte-Anne,Broomfield,1997-05-17,35000
544,Sam,Talmage,Goodland,1997-02-09,50000
545,Kirsty,Charlotte-Anne,Broomfield,1997-05-17,35000
546,Tom,Arthur,Whitehead,1997-02-13,65000
547,Katie,,Poole,1997-06-06,17500
548,Sam,Talmage,Goodland,1997-02-09,50000
549,Kirsty,Charlotte-Anne,Broomfield,1997-05-17,35000
550,Tom,Arthur,Whitehead,1997-02-13,65000
551,Katie,,Poole,1997-06-06,17500
552,Sam,Talmage,Goodland,1997-02-09,50000
553,Kirsty,Charlotte-Anne,Broomfield,1997-05-17,35000
554,Sam,Talmage,Goodland,1997-02-09,50000
555,Kirsty,Charlotte-Anne,Broomfield,1997-05-17,35000
556,Tom,Arthur,Whitehead,1997-02-13,65000
557,Katie,,Poole,1997-06-06,17500
558,Sam,Talmage,Goodland,1997-02-09,50000
559,Kirsty,Charlotte-Anne,Broomfield,1997-05-17,35000
560,Tom,Arthur,Whitehead,1997-02-13,65000
561,Katie,,Poole,1997-06-06,17500
562,Sam,Talmage,Goodland,1997-02-09,50000
563,Kirsty,Charlotte-Anne,Broomfield,1997-05-17,35000
564,Sam,Talmage,Goodland,1997-02-09,50000
565,Kirsty,Charlotte-Anne,Broomfield,1997-05-17,35000
566,Tom,Arthur,Whitehead,1997-02-13,65000
567,Katie,,Poole,1997-06-06,17500
568,Sam,Talmage,Goodland,1997-02-09,50000
569,Kirsty,Charlotte-Anne,Broomfield,1997-05-17,35000
570,Tom,Arthur,Whitehead,1997-02-13,65000
571,Katie,,Poole,1997-06-06,17500
572,Sam,Talmage,Goodland,1997-02-09,50000
573,Kirsty,Charlotte-Anne,Broomfield,1997-05-17,35000
574,Sam,Talmage,Goodland,1997-02-09,50000
575,Kirsty,Charlotte-Anne,Broomfield,1997-05-17,35000
576,Tom,Arthur,Whitehead,1997-02-13,65000
577,Katie,,Poole,1997-06-06,17500
578,Sam,Talmage,Goodland,1997-02-09,50000
579,Kirsty,Charlotte-Anne,Broomfield,1997-05-17,35000
580,Tom,Arthur,Whitehead,1997-02-13,65000
581,Katie,,Poole,1997-06-06,17500
582,Sam,Talmage,Goodland,1997-02-09,50000
583,Kirsty,Charlotte-Anne,Broomfield,1997-05-17,35000
584,Sam,Talmage,Goodland,1997-02-09,50000
585,Kirsty,Charlotte-Anne,Broomfield,1997-05-17,35000
586,Tom,Arthur,Whitehead,1997-02-13,65000
587,Katie,,Poole,1997-06-06,17500
588,Sam,Talmage,Goodland,1997-02-09,50000
589,Kirsty,Charlotte-Anne,Broomfield,1997-05-17,35000
590,Tom,Arthur,Whitehead,1997-02-13,65000
591,Katie,,Poole,1997-06-06,17500
592,Sam,Talmage,Goodland,1997-02-09,50000
593,Kirsty,Charlotte-Anne,Broomfield,1997-05-17,35000
594,Sam,Talmage,Goodland,1997-02-09,50000
595,Kirsty,Charlotte-Anne,Broomfield,1997-05-17,35000
596,Tom,Arthur,Whitehead,1997-02-13,65000
597,Katie,,Poole,1997-06-06,17500
598,Sam,Talmage,Goodland,1997-02-09,50000
599,Kirsty,Charlotte-Anne,Broomfield,1997-05-17,35000
600,Tom,Arthur,Whitehead,1997-02-13,65000
601,Katie,,Poole,1997-06-06,17500
602,Sam,Talmage,Goodland,1997-02-09,50000
603,Kirsty,Charlotte-Anne,Broomfield,1997-05-17,35000
604,Sam,Talmage,Goodland,1997-02-09,50000
605,Kirsty,Charlotte-Anne,Broomfield,1997-05-17,35000
606,Tom,Arthur,Whitehead,1997-02-13,65000
607,Katie,,Poole,1997-06-06,17500
608,Sam,Talmage,Goodland,1997-02-09,50000
609,Kirsty,Charlotte-Anne,Broomfield,1997-05-17,35000
610,Tom,Arthur,Whitehead,1997-02-13,65000
611,Katie,,Poole,1997-06-06,17500
612,Sam,Talmage,Goodland,1997-02-09,50000
613,Kirsty,Charlotte-Anne,Broomfield,1997-05-17,35000
614,Sam,Talmage,Goodland,1997-02-09,50000
615,Kirsty,Charlotte-Anne,Broomfield,1997-05-17,35000
616,Tom,Arthur,Whitehead,1997-02-13,65000
617,Katie,,Poole,1997-06-06,17500
618,Sam,Talmage,Goodland,1997-02-09,50000
619,Kirsty,Charlotte-Anne,Broomfield,1997-05-17,35000
620,Tom,Arthur,Whitehead,1997-02-13,65000
621,Katie,,Poole,1997-06-06,17500
622,Sam,Talmage,Goodland,1997-02-09,50000
623,Kirsty,Charlotte-Anne,Broomfield,1997-05-17,35000
624,Sam,Talmage,Goodland,1997-02-09,50000
625,Kirsty,Charlotte-Anne,Broomfield,1997-05-17,35000
626,Tom,Arthur,Whitehead,1997-02-13,65000
627,Katie,,Poole,1997-06-06,17500
628,Sam,Talmage,Goodland,1997-02-09,50000
629,Kirsty,Charlotte-Anne,Broomfield,1997-05-17,35000
630,Tom,Arthur,Whitehead,1997-02-13,65000
631,Katie,,Poole,1997-06-06,17500
632,Sam,Talmage,Goodland,1997-02-09,50000
633,Kirsty,Charlotte-Anne,Broomfield,1997-05-17,35000
634,Sam,Talmage,Goodland,1997-02-09,50000
635,Kirsty,Charlotte-Anne,Broomfield,1997-05-17,35000
636,Tom,Arthur,Whitehead,1997-02-13,65000
637,Katie,,Poole,1997-06-06,17500
638,Sam,Talmage,Goodland,1997-02-09,50000
639,Kirsty,Charlotte-Anne,Broomfield,1997-05-17,35000
640,Tom,Arthur,Whitehead,1997-02-13,65000
641,Katie,,Poole,1997-06-06,17500
642,Sam,Talmage,Goodland,1997-02-09,50000
643,Kirsty,Charlotte-Anne,Broomfield,1997-05-17,35000
644,Sam,Talmage,Goodland,1997-02-09,50000
645,Kirsty,Charlotte-Anne,Broomfield,1997-05-17,35000
646,Tom,Arthur,Whitehead,1997-02-13,65000
647,Katie,,Poole,1997-06-06,17500
648,Sam,Talmage,Goodland,1997-02-09,50000
649,Kirsty,Charlotte-Anne,Broomfield,1997-05-17,35000
650,Tom,Arthur,Whitehead,1997-02-13,65000
651,Katie,,Poole,1997-06-06,17500
652,Sam,Talmage,Goodland,1997-02-09,50000
653,Kirsty,Charlotte-Anne,Broomfield,1997-05-17,35000
654,Sam,Talmage,Goodland,1997-02-09,50000
655,Kirsty,Charlotte-Anne,Broomfield,1997-05-17,35000
656,Tom,Arthur,Whitehead,1997-02-13,65000
657,Katie,,Poole,1997-06-06,17500
658,Sam,Talmage,Goodland,1997-02-09,50000
659,Kirsty,Charlotte-Anne,Broomfield,1997-05-17,35000
660,Tom,Arthur,Whitehead,1997-02-13,65000
661,Katie,,Poole,1997-06-06,17500
662,Sam,Talmage,Goodland,1997-02-09,50000
663,Kirsty,Charlotte-Anne,Broomfield,1997-05-17,35000
664,Sam,Talmage,Goodland,1997-02-09,50000
665,Kirsty,Charlotte-Anne,Broomfield,1997-05-17,35000
666,Tom,Arthur,Whitehead,1997-02-13,65000
667,Katie,,Poole,1997-06-06,17500
668,Sam,Talmage,Goodland,1997-02-09,50000
669,Kirsty,Charlotte-Anne,Broomfield,1997-05-17,35000
670,Tom,Arthur,Whitehead,1997-02-13,65000
671,Katie,,Poole,1997-06-06,17500
672,Sam,Talmage,Goodland,1997-02-09,50000
673,Kirsty,Charlotte-Anne,Broomfield,1997-05-17,35000
674,Sam,Talmage,Goodland,1997-02-09,50000
675,Kirsty,Charlotte-Anne,Broomfield,1997-05-17,35000
676,Tom,Arthur,Whitehead,1997-02-13,65000
677,Katie,,Poole,1997-06-06,17500
678,Sam,Talmage,Goodland,1997-02-09,50000
679,Kirsty,Charlotte-Anne,Broomfield,1997-05-17,35000
680,Tom,Arthur,Whitehead,1997-02-13,65000
681,Katie,,Poole,1997-06-06,17500
682,Sam,Talmage,Goodland,1997-02-09,50000
683,Kirsty,Charlotte-Anne,Broomfield,1997-05-17,35000
684,Sam,Talmage,Goodland,1997-02-09,50000
685,Kirsty,Charlotte-Anne,Broomfield,1997-05-17,35000
686,Tom,Arthur,Whitehead,1997-02-13,65000
687,Katie,,Poole,1997-06-06,17500
688,Sam,Talmage,Goodland,1997-02-09,50000
689,Kirsty,Charlotte-Anne,Broomfield,1997-05-17,35000
690,Tom,Arthur,Whitehead,1997-02-13,65000
691,Katie,,Poole,1997-06-06,17500
692,Sam,Talmage,Goodland,1997-02-09,50000
693,Kirsty,Charlotte-Anne,Broomfield,1997-05-17,35000
694,Sam,Talmage,Goodland,1997-02-09,50000
695,Kirsty,Charlotte-Anne,Broomfield,1997-05-17,35000
696,Tom,Arthur,Whitehead,1997-02-13,65000
697,Katie,,Poole,1997-06-06,17500
698,Sam,Talmage,Goodland,1997-02-09,50000
699,Kirsty,Charlotte-Anne,Broomfield,1997-05-17,35000
700,Tom,Arthur,Whitehead,1997-02-13,65000
701,Katie,,Poole,1997-06-06,17500
702,Sam,Talmage,Goodland,1997-02-09,50000
703,Kirsty,Charlotte-Anne,Broomfield,1997-05-17,35000
704,Sam,Talmage,Goodland,1997-02-09,50000
705,Kirsty,Charlotte-Anne,Broomfield,1997-05-17,35000
706,Tom,Arthur,Whitehead,1997-02-13,65000
707,Katie,,Poole,1997-06-06,17500
708,Sam,Talmage,Goodland,1997-02-09,50000
709,Kirsty,Charlotte-Anne,Broomfield,1997-05-17,35000
710,Tom,Arthur,Whitehead,1997-02-13,65000
711,Katie,,Poole,1997-06-06,17500
712,Sam,Talmage,Goodland,1997-02-09,50000
713,Kirsty,Charlotte-Anne,Broomfield,1997-05-17,35000
714,Sam,Talmage,Goodland,1997-02-09,50000
715,Kirsty,Charlotte-Anne,Broomfield,1997-05-17,35000
716,Tom,Arthur,Whitehead,1997-02-13,65000
717,Katie,,Poole,1997-06-06,17500
718,Sam,Talmage,Goodland,1997-02-09,50000
719,Kirsty,Charlotte-Anne,Broomfield,1997-05-17,35000
720,Tom,Arthur,Whitehead,1997-02-13,65000
721,Katie,,Poole,1997-06-06,17500
722,Sam,Talmage,Goodland,1997-02-09,50000
723,Kirsty,Charlotte-Anne,Broomfield,1997-05-17,35000
724,Sam,Talmage,Goodland,1997-02-09,50000
725,Kirsty,Charlotte-Anne,Broomfield,1997-05-17,35000
726,Tom,Arthur,Whitehead,1997-02-13,65000
727,Katie,,Poole,1997-06-06,17500
728,Sam,Talmage,Goodland,1997-02-09,50000
729,Kirsty,Charlotte-Anne,Broomfield,1997-05-17,35000
730,Tom,Arthur,Whitehead,1997-02-13,65000
731,Katie,,Poole,1997-06-06,17500
732,Sam,Talmage,Goodland,1997-02-09,50000
733,Kirsty,Charlotte-Anne,Broomfield,1997-05-17,35000
734,Sam,Talmage,Goodland,1997-02-09,50000
735,Kirsty,Charlotte-Anne,Broomfield,1997-05-17,35000
736,Tom,Arthur,Whitehead,1997-02-13,65000
737,Katie,,Poole,1997-06-06,17500
738,Sam,Talmage,Goodland,1997-02-09,50000
739,Kirsty,Charlotte-Anne,Broomfield,1997-05-17,35000
740,Tom,Arthur,Whitehead,1997-02-13,65000
741,Katie,,Poole,1997-06-06,17500
742,Sam,Talmage,Goodland,1997-02-09,50000
743,Kirsty,Charlotte-Anne,Broomfield,1997-05-17,35000
744,Sam,Talmage,Goodland,1997-02-09,50000
745,Kirsty,Charlotte-Anne,Broomfield,1997-05-17,35000
746,Tom,Arthur,Whitehead,1997-02-13,65000
747,Katie,,Poole,1997-06-06,17500
748,Sam,Talmage,Goodland,1997-02-09,50000
749,Kirsty,Charlotte-Anne,Broomfield,1997-05-17,35000
750,Tom,Arthur,Whitehead,1997-02-13,65000
751,Katie,,Poole,1997-06-06,17500
752,Sam,Talmage,Goodland,1997-02-09,50000
753,Kirsty,Charlotte-Anne,Broomfield,1997-05-17,35000
754,Sam,Talmage,Goodland,1997-02-09,50000
755,Kirsty,Charlotte-Anne,Broomfield,1997-05-17,35000
756,Tom,Arthur,Whitehead,1997-02-13,65000
757,Katie,,Poole,1997-06-06,17500
758,Sam,Talmage,Goodland,1997-02-09,50000
759,Kirsty,Charlotte-Anne,Broomfield,1997-05-17,35000
760,Tom,Arthur,Whitehead,1997-02-13,65000
761,Katie,,Poole,1997-06-06,17500
762,Sam,Talmage,Goodland,1997-02-09,50000
763,Kirsty,Charlotte-Anne,Broomfield,1997-05-17,35000
764,Sam,Talmage,Goodland,1997-02-09,50000
765,Kirsty,Charlotte-Anne,Broomfield,1997-05-17,35000
766,Tom,Arthur,Whitehead,1997-02-13,65000
767,Katie,,Poole,1997-06-06,17500
768,Sam,Talmage,Goodland,1997-02-09,50000
769,Kirsty,Charlotte-Anne,Broomfield,1997-05-17,35000
770,Sam,Talmage,Goodland,1997-02-09,50000
771,Kirsty,Charlotte-Anne,Broomfield,1997-05-17,35000
772,Tom,Arthur,Whitehead,1997-02-13,65000
773,Katie,,Poole,1997-06-06,17500
774,Sam,Talmage,Goodland,1997-02-09,50000
775,Kirsty,Charlotte-Anne,Broomfield,1997-05-17,35000
776,Tom,Arthur,Whitehead,1997-02-13,65000
777,Katie,,Poole,1997-06-06,17500
778,Sam,Talmage,Goodland,1997-02-09,50000
779,Kirsty,Charlotte-Anne,Broomfield,1997-05-17,35000
780,Sam,Talmage,Goodland,1997-02-09,50000
781,Kirsty,Charlotte-Anne,Broomfield,1997-05-17,35000
782,Tom,Arthur,Whitehead,1997-02-13,65000
783,Katie,,Poole,1997-06-06,17500
784,Sam,Talmage,Goodland,1997-02-09,50000
785,Kirsty,Charlotte-Anne,Broomfield,1997-05-17,35000
786,Tom,Arthur,Whitehead,1997-02-13,65000
787,Katie,,Poole,1997-06-06,17500
788,Sam,Talmage,Goodland,1997-02-09,50000
789,Kirsty,Charlotte-Anne,Broomfield,1997-05-17,35000
790,Sam,Talmage,Goodland,1997-02-09,50000
791,Kirsty,Charlotte-Anne,Broomfield,1997-05-17,35000
792,Tom,Arthur,Whitehead,1997-02-13,65000
793,Katie,,Poole,1997-06-06,17500
794,Sam,Talmage,Goodland,1997-02-09,50000
795,Kirsty,Charlotte-Anne,Broomfield,1997-05-17,35000
796,Tom,Arthur,Whitehead,1997-02-13,65000
797,Katie,,Poole,1997-06-06,17500
798,Sam,Talmage,Goodland,1997-02-09,50000
799,Kirsty,Charlotte-Anne,Broomfield,1997-05-17,35000
800,Sam,Talmage,Goodland,1997-02-09,50000
801,Kirsty,Charlotte-Anne,Broomfield,1997-05-17,35000
802,Tom,Arthur,Whitehead,1997-02-13,65000
803,Katie,,Poole,1997-06-06,17500
804,Sam,Talmage,Goodland,1997-02-09,50000
805,Kirsty,Charlotte-Anne,Broomfield,1997-05-17,35000
806,Tom,Arthur,Whitehead,1997-02-13,65000
807,Katie,,Poole,1997-06-06,17500
808,Sam,Talmage,Goodland,1997-02-09,50000
809,Kirsty,Charlotte-Anne,Broomfield,1997-05-17,35000
810,Sam,Talmage,Goodland,1997-02-09,50000
811,Kirsty,Charlotte-Anne,Broomfield,1997-05-17,35000
812,Tom,Arthur,Whitehead,1997-02-13,65000
813,Katie,,Poole,1997-06-06,17500
814,Sam,Talmage,Goodland,1997-02-09,50000
815,Kirsty,Charlotte-Anne,Broomfield,1997-05-17,35000
816,Tom,Arthur,Whitehead,1997-02-13,65000
817,Katie,,Poole,1997-06-06,17500
818,Sam,Talmage,Goodland,1997-02-09,50000
819,Kirsty,Charlotte-Anne,Broomfield,1997-05-17,35000
820,Sam,Talmage,Goodland,1997-02-09,50000
821,Kirsty,Charlotte-Anne,Broomfield,1997-05-17,35000
822,Tom,Arthur,Whitehead,1997-02-13,65000
823,Katie,,Poole,1997-06-06,17500
824,Sam,Talmage,Goodland,1997-02-09,50000
825,Kirsty,Charlotte-Anne,Broomfield,1997-05-17,35000
826,Tom,Arthur,Whitehead,1997-02-13,65000
827,Katie,,Poole,1997-06-06,17500
828,Sam,Talmage,Goodland,1997-02-09,50000
829,Kirsty,Charlotte-Anne,Broomfield,1997-05-17,35000
830,Sam,Talmage,Goodland,1997-02-09,50000
831,Kirsty,Charlotte-Anne,Broomfield,1997-05-17,35000
832,Tom,Arthur,Whitehead,1997-02-13,65000
833,Katie,,Poole,1997-06-06,17500
834,Sam,Talmage,Goodland,1997-02-09,50000
835,Kirsty,Charlotte-Anne,Broomfield,1997-05-17,35000
836,Tom,Arthur,Whitehead,1997-02-13,65000
837,Katie,,Poole,1997-06-06,17500
838,Sam,Talmage,Goodland,1997-02-09,50000
839,Kirsty,Charlotte-Anne,Broomfield,1997-05-17,35000
840,Sam,Talmage,Goodland,1997-02-09,50000
841,Kirsty,Charlotte-Anne,Broomfield,1997-05-17,35000
842,Tom,Arthur,Whitehead,1997-02-13,65000
843,Katie,,Poole,1997-06-06,17500
844,Sam,Talmage,Goodland,1997-02-09,50000
845,Kirsty,Charlotte-Anne,Broomfield,1997-05-17,35000
846,Tom,Arthur,Whitehead,1997-02-13,65000
847,Katie,,Poole,1997-06-06,17500
848,Sam,Talmage,Goodland,1997-02-09,50000
849,Kirsty,Charlotte-Anne,Broomfield,1997-05-17,35000
850,Sam,Talmage,Goodland,1997-02-09,50000
851,Kirsty,Charlotte-Anne,Broomfield,1997-05-17,35000
852,Tom,Arthur,Whitehead,1997-02-13,65000
853,Katie,,Poole,1997-06-06,17500
854,Sam,Talmage,Goodland,1997-02-09,50000
855,Kirsty,Charlotte-Anne,Broomfield,1997-05-17,35000
856,Tom,Arthur,Whitehead,1997-02-13,65000
857,Katie,,Poole,1997-06-06,17500
858,Sam,Talmage,Goodland,1997-02-09,50000
859,Kirsty,Charlotte-Anne,Broomfield,1997-05-17,35000
860,Sam,Talmage,Goodland,1997-02-09,50000
861,Kirsty,Charlotte-Anne,Broomfield,1997-05-17,35000
862,Tom,Arthur,Whitehead,1997-02-13,65000
863,Katie,,Poole,1997-06-06,17500
864,Sam,Talmage,Goodland,1997-02-09,50000
865,Kirsty,Charlotte-Anne,Broomfield,1997-05-17,35000
866,Tom,Arthur,Whitehead,1997-02-13,65000
867,Katie,,Poole,1997-06-06,17500
868,Sam,Talmage,Goodland,1997-02-09,50000
869,Kirsty,Charlotte-Anne,Broomfield,1997-05-17,35000
870,Sam,Talmage,Goodland,1997-02-09,50000
871,Kirsty,Charlotte-Anne,Broomfield,1997-05-17,35000
872,Tom,Arthur,Whitehead,1997-02-13,65000
873,Katie,,Poole,1997-06-06,17500
874,Sam,Talmage,Goodland,1997-02-09,50000
875,Kirsty,Charlotte-Anne,Broomfield,1997-05-17,35000
876,Tom,Arthur,Whitehead,1997-02-13,65000
877,Katie,,Poole,1997-06-06,17500
878,Sam,Talmage,Goodland,1997-02-09,50000
879,Kirsty,Charlotte-Anne,Broomfield,1997-05-17,35000
880,Sam,Talmage,Goodland,1997-02-09,50000
881,Kirsty,Charlotte-Anne,Broomfield,1997-05-17,35000
882,Tom,Arthur,Whitehead,1997-02-13,65000
883,Katie,,Poole,1997-06-06,17500
884,Sam,Talmage,Goodland,1997-02-09,50000
885,Kirsty,Charlotte-Anne,Broomfield,1997-05-17,35000
886,Tom,Arthur,Whitehead,1997-02-13,65000
887,Katie,,Poole,1997-06-06,17500
888,Sam,Talmage,Goodland,1997-02-09,50000
889,Kirsty,Charlotte-Anne,Broomfield,1997-05-17,35000
890,Sam,Talmage,Goodland,1997-02-09,50000
891,Kirsty,Charlotte-Anne,Broomfield,1997-05-17,35000
892,Tom,Arthur,Whitehead,1997-02-13,65000
893,Katie,,Poole,1997-06-06,17500
894,Sam,Talmage,Goodland,1997-02-09,50000
895,Kirsty,Charlotte-Anne,Broomfield,1997-05-17,35000
896,Tom,Arthur,Whitehead,1997-02-13,65000
897,Katie,,Poole,1997-06-06,17500
898,Sam,Talmage,Goodland,1997-02-09,50000
899,Kirsty,Charlotte-Anne,Broomfield,1997-05-17,35000
900,Sam,Talmage,Goodland,1997-02-09,50000
901,Kirsty,Charlotte-Anne,Broomfield,1997-05-17,35000
902,Tom,Arthur,Whitehead,1997-02-13,65000
903,Katie,,Poole,1997-06-06,17500
904,Sam,Talmage,Goodland,1997-02-09,50000
905,Kirsty,Charlotte-Anne,Broomfield,1997-05-17,35000
906,Tom,Arthur,Whitehead,1997-02-13,65000
907,Katie,,Poole,1997-06-06,17500
908,Sam,Talmage,Goodland,1997-02-09,50000
909,Kirsty,Charlotte-Anne,Broomfield,1997-05-17,35000
910,Sam,Talmage,Goodland,1997-02-09,50000
911,Kirsty,Charlotte-Anne,Broomfield,1997-05-17,35000
912,Tom,Arthur,Whitehead,1997-02-13,65000
913,Katie,,Poole,1997-06-06,17500
914,Sam,Talmage,Goodland,1997-02-09,50000
915,Kirsty,Charlotte-Anne,Broomfield,1997-05-17,35000
916,Tom,Arthur,Whitehead,1997-02-13,65000
917,Katie,,Poole,1997-06-06,17500
918,Sam,Talmage,Goodland,1997-02-09,50000
919,Kirsty,Charlotte-Anne,Broomfield,1997-05-17,35000
920,Sam,Talmage,Goodland,1997-02-09,50000
921,Kirsty,Charlotte-Anne,Broomfield,1997-05-17,35000
922,Tom,Arthur,Whitehead,1997-02-13,65000
923,Katie,,Poole,1997-06-06,17500
924,Sam,Talmage,Goodland,1997-02-09,50000
925,Kirsty,Charlotte-Anne,Broomfield,1997-05-17,35000
926,Tom,Arthur,Whitehead,1997-02-13,65000
927,Katie,,Poole,1997-06-06,17500
928,Sam,Talmage,Goodland,1997-02-09,50000
929,Kirsty,Charlotte-Anne,Broomfield,1997-05-17,35000
930,Sam,Talmage,Goodland,1997-02-09,50000
931,Kirsty,Charlotte-Anne,Broomfield,1997-05-17,35000
932,Tom,Arthur,Whitehead,1997-02-13,65000
933,Katie,,Poole,1997-06-06,17500
934,Sam,Talmage,Goodland,1997-02-09,50000
935,Kirsty,Charlotte-Anne,Broomfield,1997-05-17,35000
936,Tom,Arthur,Whitehead,1997-02-13,65000
937,Katie,,Poole,1997-06-06,17500
938,Sam,Talmage,Goodland,1997-02-09,50000
939,Kirsty,Charlotte-Anne,Broomfield,1997-05-17,35000
940,Sam,Talmage,Goodland,1997-02-09,50000
941,Kirsty,Charlotte-Anne,Broomfield,1997-05-17,35000
942,Tom,Arthur,Whitehead,1997-02-13,65000
943,Katie,,Poole,1997-06-06,17500
944,Sam,Talmage,Goodland,1997-02-09,50000
945,Kirsty,Charlotte-Anne,Broomfield,1997-05-17,35000
946,Tom,Arthur,Whitehead,1997-02-13,65000
947,Katie,,Poole,1997-06-06,17500
948,Sam,Talmage,Goodland,1997-02-09,50000
949,Kirsty,Charlotte-Anne,Broomfield,1997-05-17,35000
950,Sam,Talmage,Goodland,1997-02-09,50000
951,Kirsty,Charlotte-Anne,Broomfield,1997-05-17,35000
952,Tom,Arthur,Whitehead,1997-02-13,65000
953,Katie,,Poole,1997-06-06,17500
954,Sam,Talmage,Goodland,1997-02-09,50000
955,Kirsty,Charlotte-Anne,Broomfield,1997-05-17,35000
956,Tom,Arthur,Whitehead,1997-02-13,65000
957,Katie,,Poole,1997-06-06,17500
958,Sam,Talmage,Goodland,1997-02-09,50000
959,Kirsty,Charlotte-Anne,Broomfield,1997-05-17,35000
960,Sam,Talmage,Goodland,1997-02-09,50000
961,Kirsty,Charlotte-Anne,Broomfield,1997-05-17,35000
962,Tom,Arthur,Whitehead,1997-02-13,65000
963,Katie,,Poole,1997-06-06,17500
964,Sam,Talmage,Goodland,1997-02-09,50000
965,Kirsty,Charlotte-Anne,Broomfield,1997-05-17,35000
966,Tom,Arthur,Whitehead,1997-02-13,65000
967,Katie,,Poole,1997-06-06,17500
968,Sam,Talmage,Goodland,1997-02-09,50000
969,Kirsty,Charlotte-Anne,Broomfield,1997-05-17,35000
970,Sam,Talmage,Goodland,1997-02-09,50000
971,Kirsty,Charlotte-Anne,Broomfield,1997-05-17,35000
972,Tom,Arthur,Whitehead,1997-02-13,65000
973,Katie,,Poole,1997-06-06,17500
974,Sam,Talmage,Goodland,1997-02-09,50000
975,Kirsty,Charlotte-Anne,Broomfield,1997-05-17,35000
976,Tom,Arthur,Whitehead,1997-02-13,65000
977,Katie,,Poole,1997-06-06,17500
978,Sam,Talmage,Goodland,1997-02-09,50000
979,Kirsty,Charlotte-Anne,Broomfield,1997-05-17,35000
980,Sam,Talmage,Goodland,1997-02-09,50000
981,Kirsty,Charlotte-Anne,Broomfield,1997-05-17,35000
982,Tom,Arthur,Whitehead,1997-02-13,65000
983,Katie,,Poole,1997-06-06,17500
984,Sam,Talmage,Goodland,1997-02-09,50000
985,Kirsty,Charlotte-Anne,Broomfield,1997-05-17,35000
986,Tom,Arthur,Whitehead,1997-02-13,65000
987,Katie,,Poole,1997-06-06,17500
988,Sam,Talmage,Goodland,1997-02-09,50000
989,Kirsty,Charlotte-Anne,Broomfield,1997-05-17,35000
990,Sam,Talmage,Goodland,1997-02-09,50000
991,Kirsty,Charlotte-Anne,Broomfield,1997-05-17,35000
992,Tom,Arthur,Whitehead,1997-02-13,65000
993,Katie,,Poole,1997-06-06,17500
994,Sam,Talmage,Goodland,1997-02-09,50000
995,Kirsty,Charlotte-Anne,Broomfield,1997-05-17,35000
996,Tom,Arthur,Whitehead,1997-02-13,65000
997,Katie,,Poole,1997-06-06,17500
998,Sam,Talmage,Goodland,1997-02-09,50000
999,Kirsty,Charlotte-Anne,Broomfield,1997-05-17,35000
1000,Sam,Talmage,Goodland,1997-02-09,50000
1001,Kirsty,Charlotte-Anne,Broomfield,1997-05-17,35000
1002,Tom,Arthur,Whitehead,1997-02-13,65000
1003,Katie,,Poole,1997-06-06,17500
1004,Sam,Talmage,Goodland,1997-02-09,50000
1005,Kirsty,Charlotte-Anne,Broomfield,1997-05-17,35000
1006,Tom,Arthur,Whitehead,1997-02-13,65000
1007,Katie,,Poole,1997-06-06,17500
1008,Sam,Talmage,Goodland,1997-02-09,50000
1009,Kirsty,Charlotte-Anne,Broomfield,1997-05-17,35000
1010,Sam,Talmage,Goodland,1997-02-09,50000
1011,Kirsty,Charlotte-Anne,Broomfield,1997-05-17,35000
1012,Tom,Arthur,Whitehead,1997-02-13,65000
1013,Katie,,Poole,1997-06-06,17500
1014,Sam,Talmage,Goodland,1997-02-09,50000
1015,Kirsty,Charlotte-Anne,Broomfield,1997-05-17,35000
1016,Tom,Arthur,Whitehead,1997-02-13,65000
1017,Katie,,Poole,1997-06-06,17500
1018,Sam,Talmage,Goodland,1997-02-09,50000
1019,Kirsty,Charlotte-Anne,Broomfield,1997-05-17,35000
1020,Sam,Talmage,Goodland,1997-02-09,50000
1021,Kirsty,Charlotte-Anne,Broomfield,1997-05-17,35000
1022,Tom,Arthur,Whitehead,1997-02-13,65000
1023,Katie,,Poole,1997-06-06,17500
1024,Sam,Talmage,Goodland,1997-02-09,50000